{"DefaultTint":{"r":0.6000000238418579,"g":0.6000000238418579,"b":0.699999988079071,"a":0.699999988079071},"FoldersData":{"Keys":["1b405575c1e50483e8a9a33b22dcd16b","b9113711b2aba524bb5794e43cf0b0f5","8452863b6c6300648bf8fea6678fd921"],"Values":[{"_guid":"1b405575c1e50483e8a9a33b22dcd16b","_color":{"r":0.39241325855255129,"g":0.800000011920929,"b":0.24000000953674317,"a":0.699999988079071},"_recursive":true},{"_guid":"b9113711b2aba524bb5794e43cf0b0f5","_color":{"r":0.2392156571149826,"g":0.6022182106971741,"b":0.800000011920929,"a":0.699999988079071},"_recursive":true},{"_guid":"8452863b6c6300648bf8fea6678fd921","_color":{"r":0.2392157018184662,"g":0.6039215922355652,"b":0.8000000715255737,"a":0.699999988079071},"_recursive":true}]}}