{"DefaultTint":{"r":0.6000000238418579,"g":0.6000000238418579,"b":0.699999988079071,"a":0.699999988079071},"FoldersData":{"Keys":["1b405575c1e50483e8a9a33b22dcd16b","b9113711b2aba524bb5794e43cf0b0f5"],"Values":[{"_guid":"1b405575c1e50483e8a9a33b22dcd16b","_color":{"r":0.39241325855255129,"g":0.800000011920929,"b":0.24000000953674317,"a":0.699999988079071},"_recursive":true},{"_guid":"b9113711b2aba524bb5794e43cf0b0f5","_color":{"r":0.2392156571149826,"g":0.33349546790122988,"b":0.800000011920929,"a":0.699999988079071},"_recursive":true}]}}