{"DefaultTint":{"r":0.6000000238418579,"g":0.6000000238418579,"b":0.699999988079071,"a":0.699999988079071},"FoldersData":{"Keys":["1b405575c1e50483e8a9a33b22dcd16b"],"Values":[{"_guid":"1b405575c1e50483e8a9a33b22dcd16b","_color":{"r":0.39241325855255129,"g":0.800000011920929,"b":0.24000000953674317,"a":0.699999988079071},"_recursive":true}]}}